Fecha,Marca,Modelo,Año,Precio,Kilometraje,Color,Estado,Descuento,Vendido
2022-01-01,Toyota,Sedán,2016,32328.0,3073,Rojo,Usado,0,False
2022-01-02,Chevrolet,Sedán,1997,16117.0,78772,Azul,Usado,0,False
2022-01-03,Ford,Camioneta,2021,,72752,Blanco,Usado,5,True
2022-01-04,Toyota,SUV,2009,20130.0,48628,Blanco,Nuevo,0,False
2022-01-05,Chevrolet,SUV,2012,17623.0,31403,Rojo,Usado,5,False
2022-01-06,Chevrolet,Camioneta,2015,26444.0,23922,Plateado,Nuevo,15,True
2022-01-07,Chevrolet,Camioneta,2006,34600.0,18332,Plateado,Nuevo,10,True
2022-01-08,Chevrolet,SUV,2014,22448.0,150000,Plateado,Nuevo,15,False
2022-01-09,Ford,Sedán,2001,13436.0,19888,Azul,Nuevo,5,False
2022-01-10,Chevrolet,Camioneta,2004,33847.0,39115,Rojo,Nuevo,0,True
2022-01-11,Ford,Sedán,2016,23694.0,36025,Negro,Usado,15,True
2022-01-12,Honda,Camioneta,2004,10367.0,67711,Azul,Nuevo,5,True
2022-01-13,Toyota,Sedán,2007,14212.0,51357,Plateado,Nuevo,15,True
2022-01-14,Chevrolet,Camioneta,2014,36596.0,66031,Plateado,Usado,10,True
2022-01-15,Honda,SUV,2007,24314.0,11350,Blanco,Nuevo,10,True
2022-01-16,Toyota,Camioneta,2022,30496.0,66374,Azul,Usado,15,True
2022-01-17,Toyota,SUV,2002,23236.0,39547,Rojo,Usado,10,True
2022-01-18,Toyota,Sedán,2022,32746.0,35026,Plateado,Usado,5,True
2022-01-19,Honda,SUV,2016,22264.0,35669,Negro,Usado,0,False
2022-01-20,Ford,SUV,2015,36832.0,6042,Blanco,Nuevo,0,False
2022-01-21,Honda,Camioneta,1980,,50746,Rojo,Nuevo,15,True
2022-01-22,Chevrolet,Camioneta,2018,17392.0,64483,Rojo,Nuevo,15,False
2022-01-23,Chevrolet,Sedán,2011,12654.0,30785,Rojo,Usado,5,True
2022-01-24,Honda,SUV,2014,28260.0,33869,Blanco,Nuevo,0,True
2022-01-25,Toyota,Sedán,2007,30247.0,28000,Negro,Usado,0,True
2022-01-26,Ford,Sedán,2002,30111.0,54432,Plateado,Nuevo,5,False
2022-01-27,Ford,Sedán,2022,30652.0,15920,Blanco,Nuevo,10,True
2022-01-28,Ford,Camioneta,2017,24931.0,44042,Blanco,Nuevo,0,True
2022-01-29,Ford,Sedán,2003,15239.0,51138,Negro,Usado,15,False
2022-01-30,Toyota,SUV,2007,27975.0,42483,Rojo,Nuevo,10,False
2022-01-31,Ford,Sedán,2013,23666.0,11600,Plateado,Nuevo,0,False
2022-02-01,Toyota,Camioneta,2016,21675.0,40332,Azul,Nuevo,10,False
2022-02-02,Chevrolet,SUV,2005,16445.0,21350,Rojo,Usado,10,True
2022-02-03,Toyota,Sedán,2004,33522.0,53401,Rojo,Nuevo,0,False
2022-02-04,Chevrolet,SUV,2021,,21428,Negro,Nuevo,0,True
2022-02-05,Ford,Camioneta,2013,13799.0,39704,Azul,Usado,5,True
2022-02-06,Honda,Sedán,2005,38237.0,46770,Plateado,Nuevo,15,False
2022-02-07,Chevrolet,Sedán,2019,10432.0,36569,Plateado,Usado,0,False
2022-02-08,Chevrolet,Sedán,2011,36583.0,8463,Plateado,Usado,0,True
2022-02-09,Toyota,Camioneta,2008,21102.0,59114,Negro,Usado,15,False
2022-02-10,Honda,SUV,2000,31893.0,6103,Azul,Nuevo,5,False
2022-02-11,Chevrolet,Sedán,2017,34953.0,33843,Azul,Usado,10,True
2022-02-12,Toyota,Sedán,2005,30711.0,2966,Rojo,Usado,15,False
2022-02-13,Ford,Sedán,2004,39409.0,5090,Blanco,Usado,5,False
2022-02-14,Chevrolet,Sedán,2001,27265.0,37483,Azul,Usado,10,True
2022-02-15,Ford,SUV,2005,23282.0,170000,Plateado,Usado,15,True
2022-02-16,Chevrolet,Camioneta,2016,28204.0,16679,Plateado,Nuevo,5,False
2022-02-17,Chevrolet,Camioneta,2006,37892.0,16168,Blanco,Usado,0,False
2022-02-18,Honda,SUV,2008,25425.0,70414,Blanco,Nuevo,0,True
2022-02-19,Chevrolet,Sedán,2022,28500.0,70892,Rojo,Usado,10,False
2022-02-20,Toyota,SUV,2019,,54841,Rojo,Usado,0,True
2022-02-21,Ford,SUV,2004,15884.0,69752,Negro,Usado,10,False
2022-02-22,Ford,SUV,2020,10370.0,68966,Plateado,Usado,5,False
2022-02-23,Ford,SUV,2010,17073.0,65327,Negro,Usado,0,True
2022-02-24,Chevrolet,SUV,2010,23686.0,42624,Plateado,Usado,10,True
2022-02-25,Toyota,SUV,2003,17651.0,25726,Negro,Usado,15,False
2022-02-26,Chevrolet,Camioneta,2022,36160.0,21028,Rojo,Nuevo,5,False
2022-02-27,Honda,Camioneta,2005,31603.0,43203,Azul,Nuevo,0,False
2022-02-28,Toyota,SUV,2009,18153.0,6000,Blanco,Nuevo,0,False
2022-03-01,Chevrolet,SUV,2008,23893.0,31425,Plateado,Usado,10,True
2022-03-02,Chevrolet,SUV,2017,24273.0,40206,Rojo,Usado,15,True
2022-03-03,Honda,Camioneta,2019,28019.0,68124,Rojo,Usado,0,False
2022-03-04,Chevrolet,Sedán,2008,36695.0,52544,Rojo,Usado,10,False
2022-03-05,Honda,Sedán,2010,37137.0,49447,Negro,Usado,0,True
2022-03-06,Chevrolet,Sedán,2001,26513.0,77693,Blanco,Usado,5,True
2022-03-07,Toyota,SUV,2014,14295.0,52615,Rojo,Nuevo,0,False
2022-03-08,Honda,Sedán,2005,21929.0,9947,Negro,Usado,10,False
2022-03-09,Toyota,SUV,2016,19316.0,32397,,Nuevo,10,True
2022-03-10,Toyota,Sedán,2003,29021.0,62052,Negro,Nuevo,10,True
2022-03-11,Toyota,Camioneta,2007,17788.0,26898,Azul,Nuevo,15,True
2022-03-12,Ford,Camioneta,2001,13250.0,56483,Negro,Usado,15,True
2022-03-13,Ford,SUV,2008,11435.0,77511,Plateado,Usado,5,True
2022-03-14,Honda,Sedán,2000,14192.0,17243,Blanco,Usado,0,False
2022-03-15,Toyota,Sedán,2005,27963.0,29439,Negro,Nuevo,15,False
2022-03-16,Toyota,Sedán,2015,13859.0,23297,Blanco,Nuevo,0,False
2022-03-17,Ford,Sedán,2006,32882.0,57517,Negro,Usado,0,False
2022-03-18,Chevrolet,Sedán,2015,27709.0,50453,Blanco,Usado,10,False
2022-03-19,Toyota,Camioneta,2005,18292.0,2339,Azul,Nuevo,10,True
2022-03-20,Ford,SUV,2009,30816.0,37472,Plateado,Nuevo,0,True
2022-03-21,Honda,Sedán,2017,38784.0,65427,Plateado,Nuevo,10,True
2022-03-22,Honda,Camioneta,2016,37882.0,120000,Plateado,Nuevo,0,True
2022-03-23,Chevrolet,Sedán,2016,31369.0,6774,Negro,Nuevo,0,False
2022-03-24,Toyota,Camioneta,2011,33467.0,19109,Plateado,Nuevo,10,False
2022-03-25,Ford,SUV,2014,25811.0,34281,Rojo,Usado,15,True
2022-03-26,Ford,Sedán,2005,24856.0,37342,Rojo,Nuevo,0,True
2022-03-27,Chevrolet,Sedán,2022,16720.0,74084,Plateado,Nuevo,15,False
2022-03-28,Ford,Camioneta,2019,10372.0,24723,Plateado,Usado,15,False
2022-03-29,Ford,SUV,2015,38564.0,18610,Negro,Nuevo,10,True
2022-03-30,Chevrolet,Camioneta,2022,13168.0,23613,Plateado,Usado,15,False
2022-03-31,Honda,Camioneta,2013,27890.0,29327,Blanco,Nuevo,15,False
2022-04-01,Chevrolet,SUV,2011,39547.0,74195,Azul,Usado,15,False
2022-04-02,Chevrolet,Sedán,2011,22629.0,70888,Negro,Nuevo,15,False
2022-04-03,Honda,Sedán,2001,16424.0,53410,Negro,Nuevo,0,False
2022-04-04,Honda,Camioneta,2007,19218.0,28660,Rojo,Nuevo,10,True
2022-04-05,Chevrolet,SUV,2016,33037.0,6046,Negro,Nuevo,10,True
2022-04-06,Toyota,SUV,2007,13527.0,75518,Negro,Usado,10,False
2022-04-07,Honda,Sedán,2015,39804.0,48903,Azul,Usado,0,False
2022-04-08,Chevrolet,Sedán,2022,12251.0,79196,Blanco,Usado,0,True
2022-04-09,Ford,Camioneta,2000,10243.0,62226,Azul,Usado,5,False
2022-04-10,Toyota,Sedán,2004,26758.0,69932,Blanco,Usado,0,True
2022-04-11,Ford,SUV,2018,23151.0,37730,Rojo,Usado,0,True
2022-04-12,Honda,Camioneta,2021,14161.0,9913,Azul,Nuevo,15,True
2022-04-13,Toyota,Camioneta,2002,12512.0,77016,Azul,Nuevo,0,True
2022-04-14,Chevrolet,SUV,2008,32898.0,25838,Azul,Nuevo,5,False
2022-04-15,Toyota,Sedán,2010,38882.0,70040,Plateado,Nuevo,5,True
2022-04-16,Honda,Sedán,2005,21662.0,64160,Plateado,Nuevo,15,True
2022-04-17,Toyota,SUV,2006,25893.0,3441,Azul,Usado,0,False
2022-04-18,Chevrolet,Sedán,2006,39807.0,60202,Negro,Nuevo,0,True
2022-04-19,Chevrolet,Sedán,2004,32383.0,2188,Rojo,Nuevo,10,True
2022-04-20,Toyota,Camioneta,2001,16341.0,55772,Negro,Nuevo,0,False
2022-04-21,Chevrolet,Sedán,2021,18993.0,16424,Rojo,Usado,15,True
2022-04-22,Toyota,Sedán,2004,25978.0,30837,Rojo,Usado,10,False
2022-04-23,Toyota,SUV,2005,31634.0,32979,Plateado,Usado,0,False
2022-04-24,Toyota,SUV,2005,22827.0,59882,Rojo,Usado,10,False
2022-04-25,Toyota,SUV,2006,37368.0,69005,Azul,Nuevo,5,False
2022-04-26,Honda,SUV,2003,30855.0,35526,Azul,Usado,15,True
2022-04-27,Chevrolet,SUV,2017,25507.0,37817,Rojo,Nuevo,5,True
2022-04-28,Toyota,SUV,2015,13983.0,59883,Plateado,Usado,0,True
2022-04-29,Chevrolet,Camioneta,2020,14935.0,17495,Negro,Usado,5,True
2022-04-30,Honda,Sedán,2018,28412.0,73528,Plateado,Nuevo,5,True
2022-05-01,Chevrolet,Camioneta,2009,16941.0,68315,Plateado,Usado,10,False
2022-05-02,Chevrolet,Sedán,2004,27827.0,71226,Negro,Nuevo,15,False
2022-05-03,Ford,SUV,2017,29169.0,52133,Azul,Nuevo,15,False
2022-05-04,Ford,Sedán,2002,24640.0,69074,Blanco,Usado,5,False
2022-05-05,Ford,Camioneta,2019,10945.0,63418,Plateado,Nuevo,0,True
2022-05-06,Toyota,Sedán,2003,10848.0,78852,Azul,Nuevo,0,False
2022-05-07,Ford,Sedán,2013,38856.0,35595,Rojo,Nuevo,5,False
2022-05-08,Ford,SUV,2011,26703.0,45826,Plateado,Usado,0,True
2022-05-09,Ford,Camioneta,2013,17640.0,69977,Plateado,Usado,5,True
2022-05-10,Chevrolet,SUV,2004,36042.0,6479,Rojo,Usado,15,True
2022-05-11,Toyota,SUV,2017,23189.0,6674,Blanco,Usado,0,True
2022-05-12,Chevrolet,SUV,2006,31754.0,62230,Blanco,Usado,10,False
2022-05-13,Ford,Sedán,2015,31053.0,58515,Negro,Nuevo,5,True
2022-05-14,Honda,Sedán,2002,29562.0,75835,Rojo,Nuevo,0,False
2022-05-15,Toyota,Camioneta,2021,37091.0,54310,Azul,Nuevo,10,True
2022-05-16,Ford,Sedán,2020,33825.0,45234,Azul,Nuevo,15,False
2022-05-17,Honda,Sedán,2010,12093.0,56945,Blanco,Nuevo,5,False
2022-05-18,Toyota,Camioneta,2017,15088.0,71371,Negro,Nuevo,0,True
2022-05-19,Honda,SUV,2005,19790.0,20296,Negro,Usado,15,True
2022-05-20,Toyota,Camioneta,2020,29478.0,78555,Azul,Usado,5,False
2022-05-21,Ford,Camioneta,2021,39921.0,69990,Negro,Nuevo,10,False
2022-05-22,Chevrolet,Sedán,2004,34166.0,62153,Blanco,Usado,5,True
2022-05-23,Honda,Camioneta,2004,38297.0,4901,Blanco,Usado,15,False
2022-05-24,Honda,Camioneta,2015,27740.0,33236,Negro,Nuevo,10,False
2022-05-25,Ford,Sedán,2002,36794.0,60747,Blanco,Usado,10,False
2022-05-26,Toyota,Camioneta,2011,27143.0,8831,Blanco,Usado,15,False
2022-05-27,Chevrolet,SUV,2002,30880.0,24805,Negro,Usado,0,True
2022-05-28,Ford,Sedán,2001,13387.0,69328,Blanco,Usado,10,True
2022-05-29,Ford,SUV,2014,38945.0,66815,Rojo,Nuevo,10,False
2022-05-30,Chevrolet,Camioneta,2019,27724.0,75874,Blanco,Nuevo,0,False
2022-05-31,Toyota,SUV,2016,15785.0,78353,Plateado,Nuevo,10,True
2022-06-01,Honda,SUV,2011,15262.0,14116,Azul,Usado,0,True
2022-06-02,Honda,Sedán,2001,10877.0,67351,Rojo,Usado,15,False
2022-06-03,Chevrolet,SUV,2001,17997.0,43639,Negro,Nuevo,15,False
2022-06-04,Honda,SUV,2013,38853.0,63500,Azul,Nuevo,0,False
2022-06-05,Chevrolet,SUV,2006,10081.0,72617,Plateado,Nuevo,10,True
2022-06-06,Chevrolet,Camioneta,1988,38189.0,76749,Azul,Nuevo,5,True
2022-06-07,Chevrolet,Sedán,2006,12246.0,18194,Blanco,Usado,10,False
2022-06-08,Honda,SUV,2019,22316.0,25318,Azul,Nuevo,5,True
2022-06-09,Ford,SUV,2016,26074.0,33723,Negro,Usado,10,False
2022-06-10,Honda,Sedán,2003,22772.0,5829,Blanco,Nuevo,15,True
2022-06-11,Honda,SUV,2014,22215.0,36907,Blanco,Nuevo,0,False
2022-06-12,Chevrolet,Camioneta,2002,30978.0,70919,Plateado,Usado,10,False
2022-06-13,Honda,Sedán,2005,14274.0,3845,Azul,Usado,0,False
2022-06-14,Chevrolet,SUV,2007,13670.0,72696,Plateado,Nuevo,5,True
2022-06-15,Chevrolet,Camioneta,2015,16325.0,27563,Blanco,Nuevo,10,False
2022-06-16,Honda,SUV,2014,36378.0,32002,Blanco,Usado,5,False
2022-06-17,Honda,Camioneta,2003,38203.0,21477,Plateado,Usado,10,False
2022-06-18,Chevrolet,SUV,2020,21195.0,21713,Blanco,Nuevo,0,True
2022-06-19,Toyota,Camioneta,2007,36014.0,45517,Azul,Usado,0,True
2022-06-20,Ford,SUV,2022,15947.0,21747,Rojo,Nuevo,10,False
2022-06-21,Honda,Camioneta,2007,19358.0,4409,Plateado,Usado,5,True
2022-06-22,Chevrolet,Camioneta,2019,36611.0,12063,Negro,Nuevo,10,True
2022-06-23,Honda,Camioneta,2006,23744.0,10515,Rojo,Nuevo,10,False
2022-06-24,Ford,Camioneta,2019,31112.0,40235,Negro,Usado,10,False
2022-06-25,Honda,Sedán,2017,11080.0,13820,Blanco,Nuevo,5,False
2022-06-26,Ford,Camioneta,2011,30929.0,46531,Rojo,Usado,15,True
2022-06-27,Toyota,Camioneta,2003,11896.0,1511,Blanco,Nuevo,10,False
2022-06-28,Honda,Camioneta,2013,20383.0,5366,Blanco,Nuevo,15,True
2022-06-29,Honda,Camioneta,2004,18823.0,17654,Plateado,Nuevo,0,False
2022-06-30,Chevrolet,Sedán,2021,13049.0,27704,Negro,Nuevo,10,False
2022-07-01,Toyota,SUV,2019,20548.0,49611,Azul,Nuevo,10,True
2022-07-02,Chevrolet,Sedán,2022,16432.0,66983,Plateado,Nuevo,0,True
2022-07-03,Honda,Camioneta,2006,21351.0,38237,Plateado,Nuevo,15,False
2022-07-04,Chevrolet,Sedán,2011,24286.0,65667,Negro,Nuevo,10,False
2022-07-05,Toyota,Sedán,2014,12978.0,41294,Plateado,Nuevo,5,False
2022-07-06,Toyota,Camioneta,2018,32045.0,45759,Negro,Nuevo,15,False
2022-07-07,Honda,SUV,2012,32579.0,36351,Plateado,Usado,15,True
2022-07-08,Toyota,Camioneta,2003,34025.0,3881,Rojo,Usado,10,False
2022-07-09,Honda,Camioneta,2005,18629.0,69373,Negro,Nuevo,5,False
2022-07-10,Chevrolet,SUV,2007,37396.0,62881,Azul,Nuevo,15,True
2022-07-11,Honda,SUV,2014,15312.0,52780,Plateado,Usado,10,True
2022-07-12,Honda,Camioneta,2011,13963.0,22272,Rojo,Nuevo,15,False
2022-07-13,Chevrolet,SUV,2009,28586.0,44350,Azul,Nuevo,10,True
2022-07-14,Toyota,Camioneta,2011,36068.0,15609,Plateado,Nuevo,10,True
2022-07-15,Toyota,SUV,2016,12437.0,22729,Plateado,Nuevo,5,True
2022-07-16,Toyota,Camioneta,2007,17000.0,12858,Blanco,Nuevo,0,False
2022-07-17,Ford,Sedán,2001,12321.0,56050,Plateado,Nuevo,15,False
2022-07-18,Honda,SUV,2018,20180.0,35333,Azul,Usado,15,False
2022-07-19,Toyota,SUV,2021,12360.0,33907,Azul,Usado,15,True
2022-07-20,Ford,Camioneta,2000,,76934,Rojo,Usado,15,False
2022-07-21,Honda,Camioneta,2021,23553.0,42287,Blanco,Nuevo,15,True
2022-07-22,Chevrolet,Sedán,2009,10337.0,37410,Rojo,Nuevo,15,False
2022-07-23,Honda,Camioneta,2008,26457.0,79814,Rojo,Nuevo,10,False
2022-07-24,Honda,SUV,2018,27124.0,25533,Plateado,Nuevo,10,False
2022-07-25,Chevrolet,Camioneta,2011,36974.0,23855,Rojo,Nuevo,10,True
2022-07-26,Ford,Sedán,2021,37977.0,34260,Negro,Nuevo,0,True
2022-07-27,Toyota,SUV,2019,39036.0,17723,Blanco,Usado,15,False
2022-07-28,Toyota,Camioneta,2017,13248.0,31745,Plateado,Usado,10,False
2022-07-29,Toyota,Sedán,2015,10739.0,60565,,Usado,5,False
2022-07-30,Chevrolet,Camioneta,2003,23728.0,35169,Azul,Nuevo,15,True
2022-07-31,Chevrolet,SUV,2010,15390.0,8299,Blanco,Usado,15,True
2022-08-01,Toyota,Camioneta,2021,31053.0,1884,Azul,Usado,0,False
2022-08-02,Honda,SUV,2021,37991.0,40892,Azul,Usado,5,False
2022-08-03,Honda,Sedán,2014,34992.0,5081,Plateado,Usado,5,False
2022-08-04,Toyota,Sedán,2015,36936.0,1851,Negro,Usado,0,False
2022-08-05,Toyota,SUV,2001,18604.0,3597,Blanco,Usado,0,False
2022-08-06,Chevrolet,Sedán,2012,14267.0,100000,Plateado,Nuevo,10,True
2022-08-07,Toyota,Camioneta,2011,23409.0,59887,Rojo,Nuevo,0,False
2022-08-08,Ford,Sedán,2007,26562.0,53156,Blanco,Nuevo,15,True
2022-08-09,Honda,SUV,2011,37438.0,31885,Plateado,Usado,5,True
2022-08-10,Toyota,Camioneta,2013,36732.0,16956,Blanco,Nuevo,10,False
2022-08-11,Toyota,Sedán,2002,32344.0,57314,Blanco,Usado,0,False
2022-08-12,Chevrolet,Camioneta,2001,28853.0,31992,Plateado,Usado,5,False
2022-08-13,Ford,Sedán,2016,37256.0,47765,Azul,Nuevo,0,False
2022-08-14,Chevrolet,Sedán,2001,20242.0,2512,Azul,Nuevo,10,False
2022-08-15,Toyota,SUV,2016,18977.0,41481,Plateado,Usado,15,True
2022-08-16,Honda,Sedán,2001,30623.0,27433,Blanco,Usado,5,True
2022-08-17,Ford,SUV,2001,27091.0,56497,Azul,Usado,0,False
2022-08-18,Ford,Sedán,2012,19557.0,23615,Negro,Nuevo,10,True
2022-08-19,Ford,Camioneta,2006,32000.0,39212,Rojo,Usado,15,True
2022-08-20,Chevrolet,Sedán,2008,39426.0,26606,Rojo,Usado,0,False
2022-08-21,Toyota,Camioneta,2008,29549.0,58185,Negro,Usado,15,True
2022-08-22,Toyota,SUV,2013,24181.0,35162,Negro,Usado,15,True
2022-08-23,Toyota,Sedán,2010,,55015,Negro,Usado,10,True
2022-08-24,Ford,Camioneta,2019,24998.0,12836,Blanco,Usado,5,True
2022-08-25,Ford,Sedán,2018,15330.0,32960,Azul,Nuevo,5,False
2022-08-26,Honda,Camioneta,2000,34071.0,49761,Negro,Usado,0,False
2022-08-27,Ford,Sedán,2004,19015.0,44466,Plateado,Usado,5,False
2022-08-28,Toyota,Camioneta,2022,20417.0,22277,Rojo,Nuevo,0,False
2022-08-29,Toyota,Camioneta,2000,31530.0,67799,Rojo,Nuevo,0,False
2022-08-30,Ford,Sedán,2005,39432.0,37892,Negro,Nuevo,5,True
2022-08-31,Honda,Sedán,2015,35220.0,24704,Azul,Usado,0,False
2022-09-01,Ford,Camioneta,2019,25469.0,38330,Negro,Nuevo,15,True
2022-09-02,Ford,SUV,2015,34665.0,60029,Plateado,Nuevo,0,True
2022-09-03,Chevrolet,SUV,2019,39722.0,20718,Negro,Nuevo,5,False
2022-09-04,Ford,SUV,2012,20483.0,48188,Blanco,Usado,15,False
2022-09-05,Toyota,SUV,2013,30079.0,4703,Negro,Usado,10,False
2022-09-06,Toyota,Sedán,2010,32099.0,65795,Blanco,Usado,0,False
2022-09-07,Toyota,Camioneta,2020,24926.0,36738,Azul,Usado,0,False
2022-09-08,Chevrolet,SUV,2009,14754.0,62888,Azul,Nuevo,0,True
2022-09-09,Chevrolet,SUV,2016,21385.0,7949,Plateado,Nuevo,5,True
2022-09-10,Ford,SUV,2006,29040.0,15343,Azul,Nuevo,15,True
2022-09-11,Honda,SUV,2021,20587.0,52851,Blanco,Usado,10,False
2022-09-12,Ford,Camioneta,2003,37428.0,27604,Azul,Nuevo,5,True
2022-09-13,Chevrolet,Sedán,2016,35983.0,48490,Blanco,Usado,5,False
2022-09-14,Ford,Camioneta,2000,15612.0,10733,Plateado,Nuevo,5,True
2022-09-15,Chevrolet,SUV,2001,34963.0,61177,Blanco,Usado,10,False
2022-09-16,Toyota,SUV,2018,28066.0,58082,Negro,Usado,5,True
2022-09-17,Toyota,SUV,2000,18397.0,74294,Azul,Usado,5,False
2022-09-18,Chevrolet,SUV,2011,36675.0,14393,Rojo,Nuevo,5,False
2022-09-19,Ford,Camioneta,2018,39233.0,66646,Negro,Nuevo,10,True
2022-09-20,Honda,Sedán,2018,32162.0,36436,Blanco,Usado,10,True
2022-09-21,Toyota,SUV,2022,28700.0,67590,Negro,Usado,10,False
2022-09-22,Honda,Camioneta,2015,33151.0,76523,Negro,Nuevo,10,True
2022-09-23,Chevrolet,SUV,2015,21106.0,66664,Negro,Nuevo,5,True
2022-09-24,Chevrolet,SUV,2007,34391.0,19269,Negro,Usado,10,True
2022-09-25,Honda,SUV,2012,38254.0,77076,Blanco,Usado,15,True
2022-09-26,Chevrolet,Camioneta,2013,16957.0,21351,Azul,Usado,15,False
2022-09-27,Ford,Sedán,2018,13792.0,28581,Azul,Usado,0,True
2022-09-28,Ford,Camioneta,2014,20305.0,52454,Negro,Nuevo,5,False
2022-09-29,Ford,Camioneta,2014,28520.0,52613,Rojo,Usado,0,True
2022-09-30,Chevrolet,Camioneta,2020,24608.0,51779,Azul,Usado,10,False
2022-10-01,Honda,Camioneta,2007,16445.0,79754,Blanco,Usado,0,True
2022-10-02,Toyota,Camioneta,2012,32911.0,2010,Blanco,Nuevo,5,True
2022-10-03,Toyota,Sedán,2011,16363.0,75980,Azul,Nuevo,5,False
2022-10-04,Ford,SUV,1999,10165.0,34979,Blanco,Usado,15,True
2022-10-05,Toyota,SUV,2012,26818.0,79869,Blanco,Usado,5,True
2022-10-06,Chevrolet,Camioneta,2015,24744.0,46119,Plateado,Usado,0,False
2022-10-07,Honda,Camioneta,2011,11968.0,56006,Blanco,Nuevo,5,False
2022-10-08,Chevrolet,Camioneta,2013,11228.0,59981,Azul,Nuevo,5,False
2022-10-09,Chevrolet,SUV,2014,19220.0,77673,Azul,Usado,0,False
2022-10-10,Honda,SUV,2018,31488.0,15479,Rojo,Nuevo,10,False
2022-10-11,Toyota,SUV,2004,31427.0,28625,Negro,Usado,5,False
2022-10-12,Honda,Camioneta,2001,11198.0,51925,Azul,Nuevo,10,True
2022-10-13,Chevrolet,Camioneta,2017,38558.0,25081,Blanco,Usado,10,True
2022-10-14,Honda,SUV,2017,21505.0,43933,Rojo,Usado,5,True
2022-10-15,Honda,Camioneta,2016,24730.0,16766,Plateado,Usado,0,True
2022-10-16,Ford,Sedán,2009,17579.0,58611,Rojo,Nuevo,10,True
2022-10-17,Ford,SUV,2016,13406.0,68465,Blanco,Usado,15,True
2022-10-18,Chevrolet,SUV,2002,14966.0,64986,Azul,Usado,0,True
2022-10-19,Chevrolet,Camioneta,2015,15517.0,45982,Rojo,Usado,5,False
2022-10-20,Toyota,Sedán,2017,29972.0,1947,Blanco,Nuevo,5,True
2022-10-21,Chevrolet,SUV,2020,31206.0,29719,Plateado,Usado,5,False
2022-10-22,Toyota,Sedán,2006,31775.0,45529,Rojo,Nuevo,5,True
2022-10-23,Toyota,Sedán,2000,17197.0,15590,Blanco,Usado,5,False
2022-10-24,Honda,Camioneta,2006,19166.0,45406,Negro,Usado,15,True
2022-10-25,Honda,SUV,2012,33722.0,53652,Azul,Nuevo,5,True
2022-10-26,Chevrolet,Sedán,2022,27611.0,23728,Blanco,Nuevo,0,True
2022-10-27,Ford,SUV,2015,22767.0,17876,Negro,Usado,5,False
2022-10-28,Ford,Camioneta,2010,33771.0,46074,Azul,Usado,15,True
2022-10-29,Toyota,SUV,2002,28966.0,17889,Azul,Usado,10,True
2022-10-30,Chevrolet,Camioneta,2008,17278.0,51405,Azul,Nuevo,10,False
2022-10-31,Toyota,SUV,2006,39483.0,64076,Negro,Nuevo,5,True
2022-11-01,Honda,SUV,2022,11492.0,34130,Rojo,Nuevo,15,True
2022-11-02,Chevrolet,Camioneta,2021,13767.0,3205,Negro,Usado,0,True
2022-11-03,Chevrolet,Sedán,2002,25101.0,43139,Negro,Nuevo,5,True
2022-11-04,Ford,Sedán,2021,27538.0,24185,Blanco,Nuevo,5,True
2022-11-05,Chevrolet,SUV,2000,34217.0,50547,Blanco,Usado,5,False
2022-11-06,Ford,SUV,2010,36237.0,4377,Plateado,Usado,5,True
2022-11-07,Chevrolet,SUV,2012,28048.0,5440,Negro,Nuevo,0,True
2022-11-08,Honda,Sedán,1991,29807.0,59883,Negro,Usado,15,True
2022-11-09,Toyota,Camioneta,2009,10184.0,17015,Plateado,Nuevo,15,True
2022-11-10,Ford,Camioneta,2007,17278.0,29601,Negro,Usado,10,False
2022-11-11,Ford,Camioneta,2016,21974.0,50283,Negro,Nuevo,10,False
2022-11-12,Chevrolet,Sedán,2010,15074.0,25438,Plateado,Nuevo,10,False
2022-11-13,Chevrolet,Camioneta,2004,20430.0,57292,Plateado,Nuevo,10,True
2022-11-14,Chevrolet,Sedán,2017,17726.0,7076,Plateado,Nuevo,10,False
2022-11-15,Ford,SUV,2003,23051.0,43919,Azul,Usado,10,False
2022-11-16,Ford,Camioneta,2005,15209.0,14822,Blanco,Usado,0,True
2022-11-17,Ford,Camioneta,2006,29149.0,54405,Plateado,Usado,5,True
2022-11-18,Chevrolet,Sedán,2011,28060.0,20381,Azul,Usado,0,False
2022-11-19,Chevrolet,SUV,2002,16462.0,46123,Blanco,Usado,0,True
2022-11-20,Honda,Camioneta,2007,26677.0,56499,Plateado,Nuevo,0,False
2022-11-21,Honda,Sedán,2019,30435.0,57695,Negro,Nuevo,15,False
2022-11-22,Honda,Sedán,2020,24495.0,22583,Negro,Usado,0,False
2022-11-23,Toyota,Camioneta,2009,14983.0,5698,Blanco,Nuevo,15,False
2022-11-24,Chevrolet,SUV,2000,18092.0,57545,Rojo,Usado,0,True
2022-11-25,Chevrolet,Camioneta,2016,36939.0,22515,Blanco,Usado,0,True
2022-11-26,Ford,Sedán,2017,39011.0,41439,Azul,Usado,15,True
2022-11-27,Honda,Sedán,2008,38456.0,60525,Negro,Nuevo,5,True
2022-11-28,Chevrolet,Sedán,2019,19576.0,18310,Negro,Usado,0,False
2022-11-29,Ford,SUV,2021,34153.0,35372,Plateado,Usado,0,False
2022-11-30,Chevrolet,Sedán,2015,22271.0,42504,Azul,Usado,10,False
2022-12-01,Chevrolet,SUV,2016,13869.0,54029,Rojo,Usado,10,False
2022-12-02,Ford,Sedán,2017,35652.0,41107,Azul,Usado,5,False
2022-12-03,Ford,SUV,2010,37274.0,9829,Azul,Usado,15,False
2022-12-04,Ford,Camioneta,2017,13796.0,46613,Azul,Nuevo,0,True
2022-12-05,Toyota,SUV,2003,15393.0,72965,Azul,Usado,10,False
2022-12-06,Honda,Camioneta,2007,35216.0,75907,Rojo,Usado,0,False
2022-12-07,Honda,SUV,2009,21943.0,29391,Azul,Nuevo,10,True
2022-12-08,Toyota,Camioneta,2003,38710.0,50947,Rojo,Usado,15,True
2022-12-09,Ford,SUV,2007,11506.0,63493,Blanco,Usado,15,False
2022-12-10,Ford,Camioneta,2016,34769.0,9318,Azul,Nuevo,10,True
2022-12-11,Toyota,Sedán,2002,25920.0,71731,Plateado,Usado,10,False
2022-12-12,Chevrolet,Camioneta,2004,,60489,Rojo,Usado,10,True
2022-12-13,Toyota,SUV,2004,17213.0,4278,Rojo,Usado,0,True
2022-12-14,Toyota,Sedán,2006,11146.0,12531,Azul,Usado,15,True
2022-12-15,Chevrolet,Sedán,2000,12737.0,70066,Plateado,Usado,5,True
2022-12-16,Honda,Camioneta,2017,38903.0,9025,Plateado,Nuevo,10,True
2022-12-17,Ford,Camioneta,2022,32014.0,10906,Azul,Nuevo,10,True
2022-12-18,Honda,Sedán,2021,25708.0,8208,Plateado,Nuevo,5,True
2022-12-19,Ford,Camioneta,2005,27729.0,7430,Rojo,Usado,0,True
2022-12-20,Honda,Sedán,2019,11365.0,75875,Azul,Usado,10,True
2022-12-21,Toyota,Sedán,2014,23856.0,21043,Azul,Usado,5,False
2022-12-22,Honda,Camioneta,2022,28866.0,30987,Azul,Nuevo,0,False
2022-12-23,Toyota,Camioneta,2008,35926.0,5564,Blanco,Usado,0,False
2022-12-24,Ford,SUV,2002,37238.0,43559,Azul,Nuevo,15,True
2022-12-25,Ford,Camioneta,2017,33459.0,5868,Negro,Usado,15,False
2022-12-26,Ford,Sedán,2015,36613.0,30361,Negro,Usado,0,True
2022-12-27,Toyota,Sedán,2016,35060.0,16165,Rojo,Usado,0,True
2022-12-28,Chevrolet,SUV,2008,28583.0,1603,Blanco,Usado,0,True
2022-12-29,Toyota,SUV,2012,26371.0,24763,Blanco,Nuevo,10,True
2022-12-30,Chevrolet,Sedán,2007,12170.0,58704,Plateado,Usado,10,False
2022-12-31,Toyota,SUV,2012,28514.0,39834,Azul,Usado,0,True
2023-01-01,Toyota,Sedán,2000,15222.0,11463,Negro,Usado,5,True
2023-01-02,Toyota,Camioneta,2020,26473.0,21318,Blanco,Usado,0,False
2023-01-03,Toyota,Sedán,2011,35326.0,74528,Negro,Usado,10,True
2023-01-04,Ford,SUV,2011,13185.0,16347,Negro,Usado,5,False
2023-01-05,Chevrolet,Camioneta,2008,18347.0,32523,Azul,Usado,10,True
2023-01-06,Chevrolet,Sedán,2000,34405.0,74929,Negro,Nuevo,10,True
2023-01-07,Toyota,Sedán,2020,11537.0,13079,Rojo,Nuevo,5,True
2023-01-08,Chevrolet,SUV,2013,12313.0,3096,Rojo,Nuevo,0,True
2023-01-09,Honda,SUV,2013,22403.0,24157,Blanco,Nuevo,0,True
2023-01-10,Honda,Sedán,2005,11873.0,28203,Blanco,Nuevo,10,False
2023-01-11,Ford,Camioneta,2015,22683.0,53859,Plateado,Usado,5,True
2023-01-12,Ford,SUV,2007,31568.0,25263,Negro,Nuevo,5,False
2023-01-13,Ford,Camioneta,2018,12295.0,52493,Blanco,Usado,10,False
2023-01-14,Honda,SUV,2004,15955.0,69613,Azul,Usado,5,False
2023-01-15,Ford,Camioneta,2014,29961.0,66591,Blanco,Nuevo,10,False
2023-01-16,Ford,Sedán,2012,34630.0,74180,Rojo,Nuevo,5,False
2023-01-17,Toyota,Camioneta,2005,27700.0,68622,Negro,Nuevo,0,False
2023-01-18,Ford,Sedán,2016,37774.0,79385,Rojo,Usado,10,True
2023-01-19,Honda,Camioneta,2004,18211.0,68848,Blanco,Usado,15,False
2023-01-20,Ford,Sedán,2009,11007.0,39210,Blanco,Nuevo,5,True
2023-01-21,Ford,Sedán,2004,30165.0,55334,Rojo,Usado,5,True
2023-01-22,Toyota,Camioneta,2016,14820.0,60408,Plateado,Usado,15,True
2023-01-23,Toyota,SUV,2018,33165.0,22693,Plateado,Usado,5,False
2023-01-24,Ford,Sedán,2005,26062.0,70002,Blanco,Usado,10,True
2023-01-25,Ford,Camioneta,2021,31673.0,37884,Plateado,Nuevo,5,True
2023-01-26,Honda,Sedán,2014,26592.0,39670,Rojo,Nuevo,5,False
2023-01-27,Chevrolet,Sedán,2003,29088.0,4704,Negro,Nuevo,5,False
2023-01-28,Chevrolet,Camioneta,2016,12233.0,66588,Blanco,Usado,15,False
2023-01-29,Ford,Sedán,2000,26005.0,76378,Azul,Usado,10,True
2023-01-30,Chevrolet,SUV,2017,36720.0,61367,Plateado,Usado,10,False
2023-01-31,Chevrolet,Camioneta,2009,12326.0,1819,Plateado,Usado,15,False
2023-02-01,Chevrolet,Sedán,2018,39827.0,8200,Azul,Usado,15,False
2023-02-02,Honda,Camioneta,2001,27800.0,25983,Azul,Nuevo,0,True
2023-02-03,Honda,Camioneta,2016,31310.0,59203,Rojo,Nuevo,10,True
2023-02-04,Ford,SUV,2017,36460.0,71406,Rojo,Nuevo,10,False
2023-02-05,Honda,Camioneta,2012,11193.0,60512,Plateado,Usado,10,False
2023-02-06,Chevrolet,Camioneta,2006,20058.0,67635,Negro,Usado,0,True
2023-02-07,Honda,Camioneta,2019,34678.0,3556,Rojo,Nuevo,0,True
2023-02-08,Toyota,Camioneta,2004,19820.0,72366,Rojo,Usado,5,False
2023-02-09,Chevrolet,Camioneta,2003,25455.0,22411,Blanco,Usado,15,True
2023-02-10,Chevrolet,Sedán,2006,28540.0,25638,Blanco,Usado,15,True
2023-02-11,Ford,Camioneta,2004,10907.0,64294,Rojo,Usado,10,False
2023-02-12,Ford,Sedán,2018,31410.0,66978,Negro,Usado,5,False
2023-02-13,Ford,Sedán,2019,26475.0,61946,Plateado,Usado,5,True
2023-02-14,Honda,SUV,2006,28225.0,15036,Azul,Nuevo,5,True
2023-02-15,Ford,SUV,2012,22871.0,18101,Rojo,Nuevo,10,False
2023-02-16,Ford,Camioneta,2003,36023.0,10818,Negro,Usado,10,False
2023-02-17,Ford,SUV,2014,37494.0,47192,Negro,Nuevo,0,True
2023-02-18,Honda,Sedán,2019,25223.0,47229,Negro,Usado,15,False
2023-02-19,Toyota,Camioneta,2017,39701.0,19281,Rojo,Usado,0,False
2023-02-20,Chevrolet,SUV,2003,11097.0,56697,Rojo,Usado,5,True
2023-02-21,Ford,Sedán,2003,28264.0,31107,Negro,Usado,5,False
2023-02-22,Toyota,SUV,2001,22428.0,76501,Negro,Usado,15,False
2023-02-23,Chevrolet,Camioneta,2021,12792.0,61848,Rojo,Usado,10,False
2023-02-24,Ford,SUV,2019,35825.0,75296,Plateado,Usado,0,True
2023-02-25,Ford,Camioneta,2022,38475.0,74786,Rojo,Usado,15,False
2023-02-26,Honda,Camioneta,2004,31198.0,30910,Blanco,Nuevo,5,False
2023-02-27,Toyota,SUV,2021,24317.0,16199,Negro,Nuevo,5,False
2023-02-28,Honda,Camioneta,2007,21791.0,65473,Plateado,Nuevo,15,False
2023-03-01,Chevrolet,Camioneta,2010,19220.0,40132,Azul,Nuevo,0,False
2023-03-02,Toyota,Camioneta,2010,11716.0,73388,Rojo,Usado,10,False
2023-03-03,Honda,Camioneta,2017,24402.0,28055,Negro,Nuevo,5,False
2023-03-04,Toyota,SUV,2018,30295.0,45766,Rojo,Nuevo,10,False
2023-03-05,Honda,Camioneta,2016,17533.0,56421,Azul,Nuevo,5,True
2023-03-06,Toyota,Camioneta,2000,36952.0,18756,Rojo,Nuevo,10,False
2023-03-07,Toyota,Camioneta,2004,13333.0,20961,Plateado,Usado,5,False
2023-03-08,Chevrolet,Camioneta,2002,35127.0,9008,Azul,Usado,5,False
2023-03-09,Chevrolet,Sedán,2013,,74499,Blanco,Nuevo,15,False
2023-03-10,Chevrolet,SUV,2001,22111.0,44014,Blanco,Usado,5,False
2023-03-11,Toyota,SUV,2002,38457.0,34671,Negro,Usado,10,False
2023-03-12,Toyota,Sedán,2002,25321.0,13151,Blanco,Nuevo,0,True
2023-03-13,Chevrolet,SUV,2019,10662.0,14816,Rojo,Usado,15,True
2023-03-14,Ford,Sedán,2020,24809.0,76802,Plateado,Nuevo,10,True
2023-03-15,Chevrolet,SUV,2012,19433.0,49933,Blanco,Usado,15,False
2023-03-16,Honda,SUV,2007,31395.0,21913,Negro,Nuevo,10,True
2023-03-17,Chevrolet,Camioneta,2021,17998.0,16892,Rojo,Usado,15,False
2023-03-18,Toyota,Sedán,2013,18989.0,54725,Negro,Nuevo,10,False
2023-03-19,Chevrolet,Sedán,2017,19993.0,20319,Negro,Nuevo,5,True
2023-03-20,Toyota,SUV,2019,38043.0,73120,Plateado,Nuevo,15,False
2023-03-21,Chevrolet,Sedán,2012,21133.0,30111,Plateado,Usado,5,True
2023-03-22,Chevrolet,Camioneta,2017,32627.0,52897,Negro,Nuevo,15,True
2023-03-23,Ford,SUV,2000,21111.0,90000,Negro,Usado,15,True
2023-03-24,Honda,SUV,2001,39951.0,20506,Blanco,Usado,10,True
2023-03-25,Ford,Camioneta,2004,13794.0,65451,Blanco,Usado,10,True
2023-03-26,Toyota,Sedán,2010,17752.0,64228,Azul,Usado,5,True
2023-03-27,Toyota,Sedán,2010,26639.0,4621,Plateado,Usado,15,True
2023-03-28,Chevrolet,SUV,2000,34419.0,56224,Blanco,Usado,0,False
2023-03-29,Toyota,SUV,2002,16770.0,2918,Negro,Nuevo,5,False
2023-03-30,Chevrolet,Camioneta,2001,16385.0,13933,Blanco,Nuevo,15,True
2023-03-31,Toyota,Sedán,2013,19527.0,9144,Azul,Nuevo,15,True
2023-04-01,Toyota,Sedán,2019,36122.0,55746,Blanco,Usado,15,False
2023-04-02,Ford,Sedán,2015,26074.0,1966,Negro,Usado,5,True
2023-04-03,Toyota,Camioneta,2017,15400.0,64833,Blanco,Usado,10,True
2023-04-04,Honda,Camioneta,2004,31855.0,4275,Blanco,Nuevo,15,False
2023-04-05,Honda,SUV,2007,39739.0,43641,Plateado,Usado,10,True
2023-04-06,Honda,SUV,2021,39659.0,22151,Plateado,Usado,5,False
2023-04-07,Toyota,SUV,2006,11677.0,21570,Azul,Nuevo,10,False
2023-04-08,Toyota,SUV,2009,31454.0,30735,Azul,Usado,5,False
2023-04-09,Honda,Sedán,2015,30535.0,34525,Blanco,Usado,0,False
2023-04-10,Toyota,Sedán,2018,16149.0,51762,Plateado,Nuevo,10,True
2023-04-11,Honda,Sedán,2021,34983.0,48398,Plateado,Usado,0,True
2023-04-12,Chevrolet,Sedán,2010,32570.0,40492,Blanco,Nuevo,5,True
2023-04-13,Honda,Camioneta,2018,15735.0,77155,Plateado,Usado,0,False
2023-04-14,Chevrolet,Camioneta,2002,25409.0,46607,Rojo,Usado,10,False
2023-04-15,Chevrolet,Sedán,2017,27765.0,70759,Negro,Nuevo,0,False
2023-04-16,Toyota,SUV,2003,39542.0,78007,Rojo,Usado,10,False
2023-04-17,Ford,Sedán,2019,36187.0,50165,Rojo,Nuevo,0,True
2023-04-18,Ford,SUV,2016,28293.0,59531,Rojo,Usado,10,True
2023-04-19,Ford,Camioneta,2012,33480.0,42446,Plateado,Usado,5,True
2023-04-20,Toyota,Camioneta,2003,14248.0,1359,Blanco,Nuevo,0,True
2023-04-21,Toyota,SUV,2013,29793.0,21811,Azul,Usado,0,False
2023-04-22,Chevrolet,Sedán,2002,32494.0,56280,Negro,Usado,15,False
2023-04-23,Chevrolet,Sedán,2020,29602.0,31116,Negro,Nuevo,0,True
2023-04-24,Ford,SUV,2003,22351.0,38970,Rojo,Nuevo,15,False
2023-04-25,Chevrolet,Sedán,2017,31849.0,72842,Azul,Usado,10,True
2023-04-26,Toyota,Sedán,2012,11565.0,64216,Blanco,Usado,15,False
2023-04-27,Chevrolet,Camioneta,2006,33845.0,25812,Azul,Usado,0,False
2023-04-28,Toyota,SUV,2010,29377.0,27265,Azul,Nuevo,0,False
2023-04-29,Ford,Sedán,2010,31672.0,4422,Negro,Usado,15,False
2023-04-30,Honda,Camioneta,2005,14593.0,33869,Plateado,Usado,10,False
2023-05-01,Honda,Sedán,2010,20602.0,39587,Rojo,Nuevo,10,True
2023-05-02,Toyota,Sedán,2008,33775.0,59747,Plateado,Nuevo,15,False
2023-05-03,Honda,SUV,2015,30583.0,58310,Negro,Nuevo,0,False
2023-05-04,Ford,Sedán,2004,13339.0,22497,Azul,Nuevo,0,True
2023-05-05,Chevrolet,Camioneta,2019,34888.0,30755,Rojo,Nuevo,10,True
2023-05-06,Chevrolet,Sedán,2022,34565.0,43170,Blanco,Usado,0,True
2023-05-07,Chevrolet,SUV,2005,17615.0,37114,Blanco,Usado,0,False
2023-05-08,Ford,Sedán,2003,32670.0,73204,Azul,Usado,15,False
2023-05-09,Honda,Sedán,2007,19504.0,3945,Plateado,Nuevo,15,True
2023-05-10,Ford,SUV,2015,16337.0,14595,Plateado,Usado,5,True
2023-05-11,Honda,Sedán,2015,15241.0,11179,Rojo,Nuevo,15,False
2023-05-12,Chevrolet,Sedán,2010,26757.0,76709,Negro,Usado,5,False
2023-05-13,Honda,SUV,2019,10833.0,34552,Plateado,Usado,15,False
2023-05-14,Ford,Sedán,2013,32564.0,52836,Blanco,Nuevo,15,False
2023-05-15,Honda,Camioneta,2007,24074.0,37614,Blanco,Usado,0,False
